{
  "total_results": 330,
  "models": [
    "qwen/qwen3-vl-8b-instruct"
  ],
  "by_depth": {
    "0%": {
      "accuracy": 1.0,
      "n": 30
    },
    "10%": {
      "accuracy": 1.0,
      "n": 30
    },
    "20%": {
      "accuracy": 1.0,
      "n": 30
    },
    "30%": {
      "accuracy": 0.9666666666666667,
      "n": 30
    },
    "40%": {
      "accuracy": 0.9666666666666667,
      "n": 30
    },
    "50%": {
      "accuracy": 0.8,
      "n": 30
    },
    "60%": {
      "accuracy": 0.8333333333333334,
      "n": 30
    },
    "70%": {
      "accuracy": 0.8333333333333334,
      "n": 30
    },
    "80%": {
      "accuracy": 0.8666666666666667,
      "n": 30
    },
    "90%": {
      "accuracy": 0.8,
      "n": 30
    },
    "100%": {
      "accuracy": 0.9666666666666667,
      "n": 30
    }
  },
  "by_size": {
    "8B": {
      "accuracy": 0.9121212121212121,
      "n": 330
    },
    "30B": {
      "accuracy": 0.0,
      "n": 0
    },
    "235B": {
      "accuracy": 0.0,
      "n": 0
    }
  },
  "by_type": {
    "instruct": {
      "accuracy": 0.9121212121212121,
      "n": 330
    },
    "thinking": {
      "accuracy": 0.0,
      "n": 0
    }
  },
  "by_category": {
    "0 - 32k": {
      "accuracy": 1.0,
      "n": 55
    },
    "32k - 64k": {
      "accuracy": 1.0,
      "n": 55
    },
    "64k - 96k": {
      "accuracy": 1.0,
      "n": 55
    },
    "96k - 128k": {
      "accuracy": 0.8545454545454545,
      "n": 55
    },
    "128k - 160k": {
      "accuracy": 0.8545454545454545,
      "n": 55
    },
    "160k - 192k": {
      "accuracy": 0.7636363636363637,
      "n": 55
    },
    "192k - 224k": {
      "accuracy": 0.0,
      "n": 0
    }
  }
}